[
    {
        "group": 2,
        "name": "果てない雨"
    },
    {
        "group": 2,
        "name": "qwe凑斗光"
    },
    {
        "group": 2,
        "name": "星芒月幻"
    },
    {
        "group": 2,
        "name": "宇宙常数圆周率"
    },
    {
        "group": 2,
        "name": "当然是选择原谅她了"
    },
    {
        "group": 2,
        "name": "好好吃饭."
    },
    {
        "group": 2,
        "name": "加藤骑士"
    },
    {
        "group": 2,
        "name": "amy"
    },
    {
        "group": 2,
        "name": "zhaow"
    },
    {
        "group": 2,
        "name": "shiki"
    },
    {
        "group": 2,
        "name": "小羊"
    },
    {
        "group": 2,
        "name": "狂啸",
        "color": "#23238E"
    },
    {
        "group": 2,
        "name": "穆尔"
    },
    {
        "group": 2,
        "name": "北村·失恋大明神·佑作"
    },
    {
        "group": 2,
        "name": "好奶茶"
    },
    {
        "group": 2,
        "name": "鬼！"
    },
    {
        "group": 1,
        "name": "阿园",
        "comment": "我是嘉然小姐的狗"
    },
    {
        "group": 2,
        "name": "灬"
    },
    {
        "group": 2,
        "name": "枪之恶魔"
    },
    {
        "group": 2,
        "name": "黄胖子"
    },
    {
        "group": 2,
        "name": "丁丁炒面196"
    },
    {
        "group": 2,
        "name": "打个肉山盹"
    },
    {
        "group": 2,
        "name": "吱歪"
    },
    {
        "group": 2,
        "name": "changduangeng"
    },
    {
        "group": 2,
        "name": "八云碎"
    },
    {
        "group": 2,
        "name": " Lain音酱"
    },
    {
        "group": 1,
        "name": "A",
        "comment": "脑洞，记录每个人的灵感。"
    },
    {
        "group": 2,
        "name": " 热心网友影绰"
    },
    {
        "group": 2,
        "name": "然然"
    },
    {
        "group": 2,
        "name": "蛤迩斯特斯"
    },
    {
        "group": 2,
        "name": "石龙"
    },
    {
        "group": 2,
        "name": "Rouben"
    },
    {
        "group": 2,
        "name": "火星落日"
    },
    {
        "group": 2,
        "name": "我是个路人"
    },
    {
        "group": 2,
        "name": "大宝向前冲冲冲"
    },
    {
        "group": 2,
        "name": "失去的以前"
    },
    {
        "group": 2,
        "name": "小迷途哦"
    },
    {
        "group": 2,
        "name": "Rouben"
    },
    {
        "group": 2,
        "name": "七"
    },
    {
        "group": 2,
        "name": "爷只想要修仙"
    },
    {
        "group": 2,
        "name": "胖罐子胖摔"
    },
    {
        "group": 2,
        "name": "御坂零"
    },
    {
        "group": 2,
        "name": "会飞的煤球"
    },
    {
        "group": 2,
        "name": "hapemxg"
    },
    {
        "group": 2,
        "name": "贺开文"
    },
    {
        "group": 2,
        "name": "Paradox"
    },
    {
        "group": 2,
        "name": "王野"
    },
    {
        "group": 2,
        "name": "煋人"
    },
    {
        "group": 2,
        "name": "陌生人"
    },
    {
        "group": 2,
        "name": "玘宁"
    },
    {
        "group": 2,
        "name": "俊夫爱贺宁"
    },
    {
        "group": 2,
        "name": "一只大肥羊"
    },
    {
        "group": 2,
        "name": "骰一"
    },
    {
        "group": 2,
        "name": "优纪"
    },
    {
        "group": 2,
        "name": "金牛座小南"
    },
    {
        "group": 2,
        "name": "水墨苍穹"
    },
    {
        "group": 2,
        "name": "konoMozartda！"
    },
    {
        "group": 2,
        "name": "10thD"
    },
    {
        "group": 2,
        "name": "Allen Slettes"
    },
    {
        "group": 2,
        "name": "槐明清雪"
    },
    {
        "group": 2,
        "name": "古米廖夫Offical"
    },
    {
        "group": 2,
        "name": "Aruupaka"
    },
    {
        "group": 2,
        "name": "KNK"
    },
    {
        "group": 2,
        "name": " 空白永不败北"
    },
    {
        "group": 2,
        "name": "过多久"
    },
    {
        "group": 2,
        "name": "春夏"
    },
    {
        "group": 2,
        "name": "与扇皆落"
    },
    {
        "group": 2,
        "name": "乌兰洛娃"
    },
    {
        "group": 2,
        "name": "贝多布芬"
    },
    {
        "group": 2,
        "name": "心态棒棒"
    },
    {
        "group": 2,
        "name": "木头"
    },
    {
        "group": 2,
        "name": "松之道"
    },
    {
        "group": 2,
        "name": "和林七友"
    },
    {
        "group": 1,
        "name": "indigle",
        "comment": "Bronies,bronies everywhere."
    },
    {
        "group": 2,
        "name": "Simple森破"
    },
    {
        "group": 2,
        "name": "阿凡达搞葫芦娃"
    },
    {
        "group": 2,
        "name": "林海"
    },
    {
        "group": 2,
        "name": "米-Maons"
    },
    {
        "group": 2,
        "name": "Lenny"
    },
    {
        "group": 1,
        "name": "人生苦短",
        "comment": "生活可以失去很多，但沙雕不能丢失。愿快乐长存"
    },
    {
        "group": 2,
        "name": "kkr"
    },
    {
        "group": 2,
        "name": "kamuXiY"
    },
    {
        "group": 2,
        "name": "DKLucy"
    },
    {
        "group": 2,
        "name": "金闪闪yyds"
    },
    {
        "group": 2,
        "name": "Devil"
    },
    {
        "group": 2,
        "name": "君漪"
    },
    {
        "group": 2,
        "name": "小明皮痒求锤"
    },
    {
        "group": 2,
        "name": "夏戀雪"
    },
    {
        "group": 2,
        "name": "ap0000"
    },
    {
        "group": 2,
        "name": "晴蓝茶陌"
    },
    {
        "group": 2,
        "name": "黎黎要早睡"
    },
    {
        "group": 2,
        "name": "L3Yi"
    },
    {
        "group": 2,
        "name": "冬瓜汤圆"
    },
    {
        "group": 2,
        "name": "漩涡派大星"
    },
    {
        "group": 2,
        "name": "神丶暴龙战士灬张杨"
    },
    {
        "group": 2,
        "name": "NovaDNG"
    },
    {
        "group": 2,
        "name": "千梦天宇"
    },
    {
        "group": 2,
        "name": "霸，霸宋"
    },
    {
        "group": 2,
        "name": "棠椿庭"
    },
    {
        "group": 2,
        "name": "卷心菜"
    },
    {
        "group": 2,
        "name": "鸡神"
    },
    {
        "group": 2,
        "name": "leavatain"
    },
    {
        "group": 2,
        "name": "南溪潇湘"
    },
    {
        "group": 2,
        "name": "弥夏"
    },
    {
        "group": 2,
        "name": "午安僵尸"
    },
    {
        "group": 2,
        "name": "抹茶菠萝包"
    },
    {
        "group": 2,
        "name": "血溅未央"
    },
    {
        "group": 1,
        "name": "千层蛋糕",
        "comment": "如果可以，请拾起年少时的幻想与疯狂，那是生活不曾亏待于我们的证明"
    },
    {
        "group": 1,
        "name": "零下热情",
        "comment": "作者真给力，游戏真稀奇"
    },
    {
        "group": 2,
        "name": "淼"
    },
    {
        "group": 2,
        "name": "呆了个呆"
    },
    {
        "group": 2,
        "name": "天一方"
    },
    {
        "group": 2,
        "name": "冰棍雪糕"
    },
    {
        "group": 2,
        "name": "番茄一碗"
    },
    {
        "group": 2,
        "name": "我也不知道"
    },
    {
        "group": 2,
        "name": "江子川"
    },
    {
        "group": 2,
        "name": "嘿嘿567"
    },
    {
        "group": 2,
        "name": "Undead恩赐"
    },
    {
        "group": 1,
        "name": "安德拉",
        "comment": "我年轻的时候，也曾快马加鞭，看尽长安花。一一jx3金主"
    },
    {
        "group": 2,
        "name": "rua宝rua宝rua"
    },
    {
        "group": 2,
        "name": "变成光出轨奶琳小姐"
    },
    {
        "group": 2,
        "name": "二哥没牛子"
    },
    {
        "group": 2,
        "name": "活在梦里"
    },
    {
        "group": 2,
        "name": "胖贼"
    },
    {
        "group": 2,
        "name": "wairy"
    },
    {
        "group": 2,
        "name": "尨图"
    },
    {
        "group": 2,
        "name": "哆啦xzx梦"
    },
    {
        "group": 2,
        "name": "符狸"
    },
    {
        "group": 2,
        "name": "吾名洛尉迟"
    },
    {
        "group": 2,
        "name": "Nybama"
    },
    {
        "group": 2,
        "name": "全体目光向我看齐"
    },
    {
        "group": 2,
        "name": "墨水"
    },
    {
        "group": 2,
        "name": "lkaiser"
    },
    {
        "group": 2,
        "name": " 鱿鱼有了忧郁症很犹豫"
    },
    {
        "group": 2,
        "name": "sky_sam"
    },
    {
        "group": 2,
        "name": "青天癞蛤蟆"
    },
    {
        "group": 2,
        "name": "六道神"
    },
    {
        "group": 2,
        "name": "Incubator"
    },
    {
        "group": 2,
        "name": "雨溟"
    },
    {
        "group": 1,
        "name": "印记",
        "comment": "特别感谢媳妇对我事业的支持。"
    },
    {
        "group": 2,
        "name": "草帽"
    },
    {
        "group": 2,
        "name": "好大只36"
    },
    {
        "group": 2,
        "name": "MissVIP_ms"
    },
    {
        "group": 2,
        "name": "拂晓"
    },
    {
        "group": 2,
        "name": "…"
    },
    {
        "group": 2,
        "name": "清岗"
    },
    {
        "group": 2,
        "name": "红尘多情客"
    },
    {
        "group": 2,
        "name": "Akily"
    },
    {
        "group": 2,
        "name": "工具人老衲"
    },
    {
        "group": 2,
        "name": "小爱"
    },
    {
        "group": 2,
        "name": "羊296"
    },
    {
        "group": 2,
        "name": "轻幻幻啊"
    },
    {
        "group": 2,
        "name": "Brinter"
    },
    {
        "group": 2,
        "name": "俗人"
    },
    {
        "group": 2,
        "name": "我大哥瀚青青"
    },
    {
        "group": 2,
        "name": "233号咸鱼"
    },
    {
        "group": 2,
        "name": "Leeeooo"
    },
    {
        "group": 2,
        "name": "阿泰格"
    },
    {
        "group": 2,
        "name": "⁣​ "
    },
    {
        "group": 2,
        "name": "老茶树菇"
    },
    {
        "group": 1,
        "name": "爱发电用户_fUH5",
        "comment": "若真的可以重来，那这次人生的意义不就变了吗？"
    },
    {
        "group": 2,
        "name": "Autumn_Loveworld"
    },
    {
        "group": 2,
        "name": "PPCC"
    },
    {
        "group": 2,
        "name": "白微瑕"
    },
    {
        "group": 1,
        "name": "瓜皮",
        "comment": "祝国内各位有梦想的独立游戏制作人一切顺利"
    },
    {
        "group": 1,
        "name": "可口可乐终身自费会员",
        "comment": "不吃香菜，多麻多辣，谢谢"
    },
    {
        "group": 1,
        "name": "瑞塔蒂德",
        "comment": "人活着就是为了小忍！！"
    },
    {
        "group": 2,
        "name": "大屁股裂"
    },
    {
        "group": 2,
        "name": "此事难知"
    },
    {
        "group": 2,
        "name": "PPCC"
    },
    {
        "group": 2,
        "name": "法国蓝"
    },
    {
        "group": 2,
        "name": "六一"
    },
    {
        "group": 2,
        "name": "弹剑而歌"
    },
    {
        "group": 2,
        "name": "八级大狂风"
    },
    {
        "group": 2,
        "name": "莫"
    },
    {
        "group": 2,
        "name": "阳"
    },
    {
        "group": 2,
        "name": "啊里巴巴"
    },
    {
        "group": 2,
        "name": "plp"
    },
    {
        "group": 2,
        "name": "3D智作工作室"
    },
    {
        "group": 2,
        "name": "陈睿柠檬什么时候熟啊"
    },
    {
        "group": 2,
        "name": "网络清纯少男"
    },
    {
        "group": 2,
        "name": "Aunotyal"
    },
    {
        "group": 2,
        "name": "毒萘"
    },
    {
        "group": 2,
        "name": "书山"
    },
    {
        "group": 2,
        "name": "莫璃yyds"
    },
    {
        "group": 2,
        "name": "霖与佳"
    },
    {
        "group": 2,
        "name": "活着到达梦想"
    },
    {
        "group": 1,
        "name": "乌君",
        "comment": "我们来玩一个游戏，规则是:不要看这条特别感谢 → 你输了。"
    },
    {
        "group": 2,
        "name": "邪恶的默默"
    },
    {
        "group": 2,
        "name": "悦"
    },
    {
        "group": 2,
        "name": "麝續"
    },
    {
        "group": 2,
        "name": "月崽今天好好睡觉了吗"
    },
    {
        "group": 2,
        "name": "卢本伟牛逼"
    },
    {
        "group": 2,
        "name": "三水"
    },
    {
        "group": 2,
        "name": "圣经上的子弹"
    },
    {
        "group": 2,
        "name": "finewk"
    },
    {
        "group": 2,
        "name": "MAMINO"
    },
    {
        "group": 2,
        "name": "大禹"
    },
    {
        "group": 2,
        "name": "PIMI想看子煜跳扇子舞"
    },
    {
        "group": 2,
        "name": "炁息"
    },
    {
        "group": 2,
        "name": "葡萄树"
    },
    {
        "group": 2,
        "name": "打外星人和僵尸"
    },
    {
        "group": 2,
        "name": "浮生如梦"
    },
    {
        "group": 2,
        "name": "槐序"
    },
    {
        "group": 2,
        "name": "颜苯Benzene"
    },
    {
        "group": 2,
        "name": "啊畅啊这是"
    },
    {
        "group": 2,
        "name": "Lyn"
    },
    {
        "group": 2,
        "name": "阿修"
    },
    {
        "group": 2,
        "name": "我欲成仙"
    },
    {
        "group": 2,
        "name": "苏巴提"
    },
    {
        "group": 1,
        "name": "层林字",
        "comment": "“愿和憨憨的一生可以“白头偕老”最后可以在“睡梦中牵着手安祥的离开这个世界”！并在下辈子保留“白头偕老”这个特性！"
    },
    {
        "group": 2,
        "name": "卫星冰咖啡"
    },
    {
        "group": 1,
        "name": "万里追风踏月",
        "comment": "游戏可以重开，人生再无重来。\r\n"
    },
    {
        "group": 2,
        "name": "憧憬"
    },
    {
        "group": 2,
        "name": "Mr.Paradox"
    },
    {
        "group": 2,
        "name": "月影十六夜"
    },
    {
        "group": 2,
        "name": "守护者威廉"
    },
    {
        "group": 2,
        "name": "爱因"
    },
    {
        "group": 2,
        "name": "没有橙子"
    },
    {
        "group": 2,
        "name": "冰凌君"
    },
    {
        "group": 2,
        "name": "无我"
    },
    {
        "group": 2,
        "name": "lxncyxf"
    },
    {
        "group": 2,
        "name": "发光的石头"
    },
    {
        "group": 1,
        "name": "祖传药丸收集者",
        "comment": "兄弟二人可否考虑创业，我给你们拉投资"
    },
    {
        "group": 2,
        "name": "神龙不长眼"
    },
    {
        "group": 2,
        "name": "川菜"
    },
    {
        "group": 2,
        "name": "涟墨柒子虚"
    },
    {
        "group": 2,
        "name": "祥瑞御兔"
    },
    {
        "group": 2,
        "name": "那么可爱当然是男孩子"
    },
    {
        "group": 2,
        "name": "小破孩儿"
    },
    {
        "group": 2,
        "name": "封封.FFFBoX"
    },
    {
        "group": 2,
        "name": "手扶拖拉机没有未来?"
    },
    {
        "group": 2,
        "name": "再见明日香"
    },
    {
        "group": 2,
        "name": "咸鱼"
    },
    {
        "group": 2,
        "name": "小猪和小蓉"
    },
    {
        "group": 2,
        "name": "水星"
    },
    {
        "group": 2,
        "name": "蒋艳艳"
    },
    {
        "group": 2,
        "name": "司徒纯钧"
    },
    {
        "group": 1,
        "name": "Fable",
        "comment": "世界上唯一的英雄主义，就是看清现实之后仍旧热爱生活！活着无法重来，那就尽全力过好剩余的人生"
    },
    {
        "group": 2,
        "name": "LienVictor"
    },
    {
        "group": 2,
        "name": "洛图"
    },
    {
        "group": 2,
        "name": "卑鄙的电波姬"
    },
    {
        "group": 2,
        "name": "银河小将"
    },
    {
        "group": 2,
        "name": "肯特叔叔"
    },
    {
        "group": 2,
        "name": "幻想进行"
    },
    {
        "group": 2,
        "name": "老咸鱼"
    },
    {
        "group": 2,
        "name": "B.X."
    },
    {
        "group": 2,
        "name": "七喜打倒雪碧"
    },
    {
        "group": 2,
        "name": "jev"
    },
    {
        "group": 1,
        "name": "吴老枸",
        "comment": "优秀的创意和作品值得被大家认识！作者加油！"
    },
    {
        "group": 2,
        "name": "Maple"
    },
    {
        "group": 2,
        "name": "42Q"
    },
    {
        "group": 2,
        "name": "伊藤泉"
    },
    {
        "group": 2,
        "name": "追梦绿"
    },
    {
        "group": 2,
        "name": "dwdww"
    },
    {
        "group": 2,
        "name": "何黄黄"
    },
    {
        "group": 2,
        "name": "李狗蛋76"
    },
    {
        "group": 1,
        "name": "巴普斯定理",
        "comment": "感谢你们的创意。"
    },
    {
        "group": 2,
        "name": "ZPEOVH"
    },
    {
        "group": 2,
        "name": "朦朧"
    },
    {
        "group": 1,
        "name": "柴来人",
        "comment": "希望独立游戏势头越来越好"
    },
    {
        "group": 2,
        "name": "OQ"
    },
    {
        "group": 2,
        "name": "三点多睡的"
    },
    {
        "group": 2,
        "name": "laodian_"
    },
    {
        "group": 2,
        "name": "涅逍遥"
    },
    {
        "group": 2,
        "name": "ryougi"
    },
    {
        "group": 2,
        "name": "railnoth"
    },
    {
        "group": 2,
        "name": "一点"
    },
    {
        "group": 2,
        "name": "白鲤"
    },
    {
        "group": 2,
        "name": "daydream2333"
    },
    {
        "group": 2,
        "name": "乔衡"
    },
    {
        "group": 2,
        "name": "神之领域"
    },
    {
        "group": 2,
        "name": "困爱揽典珈"
    },
    {
        "group": 2,
        "name": "灰孤逗"
    },
    {
        "group": 2,
        "name": "风滚草"
    },
    {
        "group": 2,
        "name": "两只鱼吃蛋挞"
    },
    {
        "group": 2,
        "name": "一般路过的咸鱼"
    },
    {
        "group": 2,
        "name": "Zero"
    },
    {
        "group": 2,
        "name": "摸鱼鱼F"
    },
    {
        "group": 2,
        "name": "虚空扛大总管"
    },
    {
        "group": 2,
        "name": "小张有点慌"
    },
    {
        "group": 2,
        "name": "李笑梦"
    },
    {
        "group": 1,
        "name": "小张有点慌吧",
        "comment": "这不比抽奖好玩？"
    },
    {
        "group": 2,
        "name": "没有儿孙我享福"
    },
    {
        "group": 2,
        "name": "转世渡劫一半嗝屁者"
    },
    {
        "group": 2,
        "name": "jerryxu"
    },
    {
        "group": 2,
        "name": "霜"
    },
    {
        "group": 2,
        "name": "芋头丶"
    },
    {
        "group": 2,
        "name": "墨繁星"
    },
    {
        "group": 2,
        "name": "弥撒"
    },
    {
        "group": 2,
        "name": "云中鹤"
    },
    {
        "group": 2,
        "name": "骆炎"
    },
    {
        "group": 2,
        "name": "TunaFish2K"
    },
    {
        "group": 2,
        "name": "刘洪"
    },
    {
        "group": 2,
        "name": "berry"
    },
    {
        "group": 2,
        "name": "持枪孤守长安"
    },
    {
        "group": 2,
        "name": "清风有绪忆江南"
    },
    {
        "group": 2,
        "name": "Mr.Nobody"
    },
    {
        "group": 1,
        "name": "爱发电用户_yqdg",
        "comment": "看似简单，创意不易。支持原创，走向远方"
    },
    {
        "group": 2,
        "name": "猫猫"
    },
    {
        "group": 2,
        "name": "截杀元婴大佬"
    },
    {
        "group": 2,
        "name": "不加的珠珠"
    },
    {
        "group": 2,
        "name": "上善若水煮汤圆"
    },
    {
        "group": 2,
        "name": "口袋王野"
    },
    {
        "group": 2,
        "name": "袜子兔"
    },
    {
        "group": 2,
        "name": "又怎样我同学"
    },
    {
        "group": 2,
        "name": "沉末DVD↑↑"
    },
    {
        "group": 2,
        "name": "爱加班的中矢建工"
    },
    {
        "group": 2,
        "name": "Ukomico"
    },
    {
        "group": 2,
        "name": "newnigh"
    },
    {
        "group": 2,
        "name": "asillynoob"
    },
    {
        "group": 2,
        "name": "芬爆"
    },
    {
        "group": 2,
        "name": "一世长安"
    },
    {
        "group": 2,
        "name": "妖怪蜀黍"
    },
    {
        "group": 2,
        "name": "我是谁"
    },
    {
        "group": 2,
        "name": "yzkrz"
    },
    {
        "group": 2,
        "name": "多某人lxd"
    },
    {
        "group": 2,
        "name": "猫猫猫毛多"
    },
    {
        "group": 2,
        "name": "冥苍"
    },
    {
        "group": 2,
        "name": "小崽崽"
    },
    {
        "group": 2,
        "name": "熊氏本"
    },
    {
        "group": 2,
        "name": "枫叶"
    },
    {
        "group": 2,
        "name": "timetorain"
    },
    {
        "group": 2,
        "name": "白竹"
    },
    {
        "group": 2,
        "name": "xingkonghod"
    },
    {
        "group": 2,
        "name": "hzk990929"
    },
    {
        "group": 2,
        "name": "TE49"
    },
    {
        "group": 2,
        "name": "南京林业大学"
    },
    {
        "group": 2,
        "name": "饭饭"
    },
    {
        "group": 2,
        "name": "沸腾的幻景"
    },
    {
        "group": 2,
        "name": "我是原P"
    },
    {
        "group": 2,
        "name": "有梦人天涯若比邻"
    },
    {
        "group": 1,
        "name": "bearandog",
        "comment": "平平安安发大财"
    },
    {
        "group": 2,
        "name": "小乔的合法老公"
    },
    {
        "group": 2,
        "name": "超级无敌暴龙战士"
    },
    {
        "group": 2,
        "name": "希月"
    },
    {
        "group": 2,
        "name": "不務正业"
    },
    {
        "group": 2,
        "name": "咸鱼"
    },
    {
        "group": 2,
        "name": "小猪"
    },
    {
        "group": 2,
        "name": "tatame"
    },
    {
        "group": 2,
        "name": "子陆"
    },
    {
        "group": 1,
        "name": "老亚瑟",
        "comment": "请你们吃一些有肉的"
    },
    {
        "group": 2,
        "name": "東雪蓮official"
    },
    {
        "group": 2,
        "name": "徐小通"
    },
    {
        "group": 2,
        "name": "ArkzyF"
    },
    {
        "group": 1,
        "name": "V",
        "comment": "我喜欢吉林大学生命科学学院的袁嘉蔚！"
    },
    {
        "group": 2,
        "name": "烧酒"
    },
    {
        "group": 2,
        "name": "Persona"
    },
    {
        "group": 2,
        "name": "肯特叔叔"
    },
    {
        "group": 2,
        "name": "从从从从从心丶"
    },
    {
        "group": 2,
        "name": "亚瑟王"
    },
    {
        "group": 2,
        "name": "皮爹万岁",
        "color": "yellow"
    },
    {
        "group": 2,
        "name": "黑暗红茶"
    },
    {
        "group": 2,
        "name": "麒麟游"
    },
    {
        "group": 2,
        "name": "小破孩儿"
    },
    {
        "group": 2,
        "name": "蓬莱人形",
        "color": "#5fa371"
    },
    {
        "group": 2,
        "name": "就叫小星星呀"
    },
    {
        "group": 2,
        "name": "Grayblur"
    },
    {
        "group": 2,
        "name": "Harry"
    },
    {
        "group": 2,
        "name": "大琛哥"
    },
    {
        "group": 2,
        "name": "晚来天欲雪"
    },
    {
        "group": 2,
        "name": "gameislife@gmail.com"
    },
    {
        "group": 2,
        "name": "水易Nico"
    },
    {
        "group": 2,
        "name": "正版游戏受害者"
    },
    {
        "group": 2,
        "name": "汤路易"
    },
    {
        "group": 2,
        "name": "狐西西财团"
    },
    {
        "group": 2,
        "name": "佐克洛邦"
    },
    {
        "group": 2,
        "name": "墨鸿苍穹"
    },
    {
        "group": 2,
        "name": "佚名"
    },
    {
        "group": 2,
        "name": "zhongyang"
    },
    {
        "group": 1,
        "name": "狂啸",
        "comment": "游戏很有创意，也感觉很有深度加油吧，看好你们",
        "color": "#23238E"
    },
    {
        "group": 2,
        "name": "LoZo"
    },
    {
        "group": 2,
        "name": "七年"
    },
    {
        "group": 2,
        "name": "爱静静"
    },
    {
        "group": 2,
        "name": "一只海狗",
        "color": "yellow"
    },
    {
        "group": 2,
        "name": "六元首冲党"
    },
    {
        "group": 1,
        "name": 611,
        "comment": "缅怀过去，把握现在，展望未来"
    },
    {
        "group": 2,
        "name": "Jojo"
    },
    {
        "group": 2,
        "name": "77是憨批",
        "color": "#ea66a6"
    },
    {
        "group": 2,
        "name": "wxz"
    },
    {
        "group": 2,
        "name": "小鸡炖蘑菇"
    },
    {
        "group": 2,
        "name": "Shouyuko",
        "color": "#9370DB"
    },
    {
        "group": 1,
        "name": "Trigger.",
        "comment": "好好面对你那操蛋的人生。",
        "color": "#06C"
    },
    {
        "group": 2,
        "name": "斯大巴克斯"
    },
    {
        "group": 2,
        "name": "甜葱"
    },
    {
        "group": 2,
        "name": "颈椎病"
    },
    {
        "group": 2,
        "name": "xp"
    },
    {
        "group": 2,
        "name": "圆果团子"
    },
    {
        "group": 2,
        "name": "神之领域"
    },
    {
        "group": 2,
        "name": "西域刀客"
    },
    {
        "group": 2,
        "name": "书签"
    },
    {
        "group": 2,
        "name": "轩尘"
    },
    {
        "group": 1,
        "name": "正牌孟岩様",
        "comment": "如果真能重来的话……"
    },
    {
        "group": 2,
        "name": "王杰文"
    },
    {
        "group": 2,
        "name": "Kevin Lu"
    },
    {
        "group": 2,
        "name": "赵发红"
    },
    {
        "group": 2,
        "name": "黑衣人"
    },
    {
        "group": 2,
        "name": "你的粉丝"
    },
    {
        "group": 2,
        "name": "有林啊.",
        "color": "red"
    },
    {
        "group": 2,
        "name": "渡鸦"
    },
    {
        "group": 2,
        "name": "犽犽超级喜欢赫尔"
    },
    {
        "group": 2,
        "name": "绕圈跑"
    },
    {
        "group": 2,
        "name": "董研策"
    },
    {
        "group": 2,
        "name": "口爆青年"
    },
    {
        "group": 2,
        "name": "导师田斌"
    },
    {
        "group": 2,
        "name": "轩"
    },
    {
        "group": 2,
        "name": "Zicade"
    },
    {
        "group": 2,
        "name": "墨繁星"
    },
    {
        "group": 2,
        "name": "桑杰"
    },
    {
        "group": 2,
        "name": "一只程序猿"
    },
    {
        "group": 1,
        "name": "俗人",
        "comment": "来自S8B515宿舍的支持😉"
    },
    {
        "group": 1,
        "name": "DreamRide",
        "comment": "人不如意十八九"
    },
    {
        "group": 2,
        "name": "嘉心糖"
    },
    {
        "group": 2,
        "name": "孙铭钰"
    },
    {
        "group": 2,
        "name": "吉吉"
    },
    {
        "group": 2,
        "name": "贾贾"
    },
    {
        "group": 2,
        "name": "中年危机陈西西"
    },
    {
        "group": 2,
        "name": "宇宙房地产大亨弗利萨"
    }
]